decay length K+,angle pi+,angle pi0,z2
147.53968707993423,0.005717145195421571,0.007628129954325828,409.7220593756447
1636.374493172361,0.003594033415618465,0.012134242974523621,1801.18921159638
110.69521828296877,0.026312626039222634,0.0016573385906021212,186.68681281964894
43.141532952833195,0.00930703790369059,0.004685815468802685,258.0264698209255
378.70148106874495,0.008935737400664896,0.0048805239086710936,602.5158881445276
278.6499324077037,0.0001292270053337565,0.33433003835787417,284.4074797282741
393.3267689458504,0.00780500799921541,0.005587581963405364,649.5672991203483
404.4664535520908,0.05303705252778265,0.0008220900063972405,442.14057507739193
435.8859036202899,0.054141664879747455,0.0008053095659319637,472.7899295527318
102.9517552678968,0.007680898404327501,0.005677867732834231,363.3328414072878
1124.8043875275582,0.17357208207629712,0.0002506273465530994,1136.211030087827
1536.1414165864865,0.03346948084253263,0.0013028997847128606,1595.8750332962863
274.1782833237756,0.0012283159582102965,0.03550134674339952,330.49050475663626
273.08315445000954,0.011602653545477683,0.0037587019220352677,445.44978107062053
1420.0004149095437,0.4855298089301531,8.805088108065274e-05,1423.7907359175197
222.24673708724168,0.010825171805627299,0.0040286632579140235,406.9940937484664
700.6839958842206,0.023383734098400614,0.0018649483745607385,786.197945265274
216.2051805467284,0.004131578532087482,0.010555527258056063,405.67233563220844
6.396124039036764,0.0040048221774580395,0.010889613968336091,190.0501038215428
418.2068462728638,0.0011982861298309665,0.03639083980705211,473.1414691201853
1179.978903156695,0.0035346900095515207,0.012337958357011859,1342.0720516034075
377.3889063864193,1.4029877540303883,2.5810320777392562e-05,377.7277097202546
252.1074451110921,0.003566225974806255,0.012228856886238908,415.64687655454634
11.430885886633988,0.001254968685411694,0.034747530731162025,68.96576580106716
326.8431365195295,0.0036585229439918404,0.011920354850844672,494.61542972893733
367.21301924317623,0.0027297723664083326,0.01597587500645025,492.3911296070322
347.354726464555,0.001265067786647319,0.03447019448243645,405.3528850976951
488.9107101013555,0.004010144981325543,0.010875160054235394,672.8087992636055
65.26499668406625,0.0018420071346924689,0.02367493946220251,149.72672553972765
95.25770019707332,0.025128888232387698,0.001735419032366013,174.83062000830375
1096.0218273474563,0.23758129283850885,0.00018270010226696402,1104.2810117983202
193.5575239879718,0.00028263198501998364,0.15399966849486765,206.44173579632795
82.44939031864959,0.07144300556470817,0.0006101773536088554,110.39608839541162
1282.3891018453562,0.0021478108253216526,0.02030436814700011,1380.8765373103508
1007.071622401892,0.004538338325907709,0.009609474481180103,1215.1931426998688
1384.6126305960918,0.014727755616866059,0.0029611189746123453,1520.4008284322254
556.8741272960971,0.00778443565313792,0.005602348638864729,813.7918655445105
246.64806316716584,0.03858354241269331,0.0011301720617392455,298.45791049214006
233.54142622922691,0.004029445229915919,0.010823071060138436,418.32464493854326
434.4654463397609,0.0025287285182526743,0.01724596068754896,550.4231334870714
190.56954263482402,0.01903799565633904,0.002290688644964857,295.60992609082547
412.306276381355,0.0016534463483994452,0.02637455928621746,488.119343506961
424.9918903089387,0.006618284624222423,0.006589492937137102,727.1805860727034
1232.9814298622946,0.0007870498728031154,0.055397125915451075,1269.047446896923
586.0379121210211,0.000593999531243486,0.07338706245687422,613.2417298342752
563.7012227267829,0.002976880400943178,0.014649780549389781,700.2122724200187
298.2219161010206,0.009596098946496918,0.004544664170065745,506.6335446906304
653.2198914187077,0.018413434556200692,0.0023683905375522195,761.8239626692682
235.587332147082,0.010409609839908641,0.004189494116637553,427.7105519651848
383.25248336985237,0.006964045747742434,0.006262327902553273,670.4372234454545
349.0263496553237,0.00022755248977333265,0.19107105663785623,359.36596793503463
27.544931940305972,0.011675468486621415,0.0037352600206480885,198.8364842883907
535.9783784111023,0.001998314917433651,0.02182324268842812,627.6092380342142
403.8798948553726,0.001473860702275813,0.029587780706560655,471.45564043944864
63.65274357354214,0.0066550636971835575,0.006553076234408409,364.1713508075098
657.5841866040332,0.058274247041320386,0.0007481711841398049,691.8658060754339
559.3905009490314,2.2835769111558255e-05,1.5246572838391022,559.4828445716265
574.2511305497911,0.00042264395753273566,0.10309581051818778,593.5817816522093
51.05167289666275,0.00013932497249862663,0.3105007474137765,57.2845379197473
131.78148717838778,0.030032593060299314,0.0014520281685907242,198.3557804934935
565.2827333589125,0.006029219327360218,0.0072332970743666835,841.7769930202164
985.708064597621,0.003827691340756628,0.011393534084842324,1161.2386280393644
307.95893297964676,0.027048564890656965,0.0016122403736794513,381.8819760092081
942.2880582422184,0.004149252083153478,0.010510567169827855,1132.5657396582942
294.63878023530214,0.008449343499163323,0.005161477990319788,531.3379280094623
85.71765969099715,0.009495664252902674,0.004592733195429055,296.33377190953615
418.2585626720618,0.09960437556857749,0.0004374847388677943,438.2715549614856
882.8243389182127,0.1210116549378964,0.00035995064671065345,899.2709192900793
50.57354825758729,0.00043764773453674945,0.09956734060976902,70.59403401220219
1051.8285031390697,0.0001717498673113265,0.2525729307998556,1059.577905638595
1414.555331170593,0.002820443328975614,0.015462306412368612,1543.891832175818
787.8412249816623,0.007606773612520127,0.005733196392377591,1050.7597140008297
1383.6655316386732,0.01182284374323983,0.003688697937480702,1552.8216886632772
313.99811186435085,0.015345805595351342,0.0028418561217856604,444.3166532583633
520.192229254176,0.010267096130492745,0.004247647782058451,714.9824307462812
1596.0419457835703,0.005288682063664664,0.008246120201281376,1838.574751350905
171.2612554292787,0.008220810953728251,0.005304964332179105,414.5407757303153
453.629370751678,0.005945101393928516,0.007335641543068003,726.2659375338501
880.2725055772097,0.011268897104396396,0.0038700274245240325,1057.7446505494459
27.553699359681552,0.010910728634013994,0.003997071830829667,210.85224007026412
1027.44169135467,0.12017624411942611,0.00036245895682996885,1044.0037208288484
1129.1945379882916,0.02441730075157133,0.0017859991500194818,1211.087394812561
3259.0020533737543,0.00145435711988245,0.02998450722135728,3325.683175356584
1261.7660310644308,0.00457439368985838,0.009533733509170448,1471.5410791075376
1022.7800245349924,0.004542206708251073,0.009601290644537469,1231.0789519545874
218.66912556871776,0.00010008992615874315,0.42901898486758716,223.04133908473705
905.1728530398591,0.0050201092084134055,0.008687279321134991,1135.388736893536
414.68180073317086,0.0013484536129566727,0.03233900588666637,476.5050599532435
322.8187896279027,0.010698174832072417,0.004076487917214621,509.75943419396003
1839.323633733649,0.06274008202059025,0.0006948851032817672,1871.1593444123414
155.25564378174863,0.011543283005959639,0.0037780344313019685,328.5088826211661
94.07223961182,0.025845805004227954,0.0016872764719796083,171.43700510270926
183.18586340413168,0.00475114380755427,0.009179067252299302,401.0668064814107
1417.2861912143348,0.011070806969251532,0.0039392751654628595,1597.9341147465318
78.84746103915815,0.005163184550931685,0.00844655080228795,315.6248727630543
981.521898536627,0.4059942336513345,0.00010593933733830832,986.1743923339083
80.05355562451008,0.008285675733327173,0.00526343390673908,321.42846527305085
492.16459317176435,0.0002598070628992613,0.16746843717332696,503.9952871418168
604.3743578447876,0.010396500102704676,0.004194777048073142,796.7398579247181
1026.3052973958181,0.28650875651740826,0.00015117415432177,1033.0938274814696
30.643147280650606,0.0034740441111655923,0.012553335193366485,189.95498836572645
1003.5864928171488,0.003916722135700146,0.011134553063552174,1183.2001096117103
12.57501558521196,0.011710378512780215,0.00372412454026557,183.35588103759395
450.9402473529556,0.06656660122509886,0.0006549132641888119,480.9409536424375
135.60165793713662,0.10461640998330908,0.00041648985179256934,154.6493224051881
371.3374015355181,0.0014970442058133847,0.02912964400026626,439.97656091575215
497.9475758078407,0.0024043222848760134,0.018138267224526643,608.1995992936627
231.7907234021312,0.01935647435451139,0.002252996896882669,335.10242030876844
353.819794191999,0.013856600064978642,0.0031472888567672104,498.1461069531701
397.3954504050102,0.0286367880244701,0.0015228128210789521,467.2165929850021
252.76965511880567,0.013642942557406706,0.0031965789645900344,399.3565005487711
650.8949307647296,0.0008810769625692815,0.04948779156285557,691.2759414325434
321.78387450594363,0.0367303628902976,0.0011872071231613752,376.2102495468662
418.13806883643906,0.00014541942465217859,0.2976832467273623,424.656981690512
133.89939299566828,0.02202950263880534,0.0019796034219970557,224.6720486321164
286.3457213542967,0.005610685818629269,0.007772868453111381,543.6458073623837
265.70080750757444,0.06422439904216114,0.0006788146578474453,296.7987924536055
626.9978759273478,0.02414139885057465,0.0018064125895350714,709.8270217936433
259.79051274902554,0.005709790724325541,0.007637955291938518,521.6356049452188
384.30281954055795,0.004922349639810186,0.008859810179528452,610.0353835996575
853.8069553169308,0.003435064054010031,0.012695783084573269,1011.3311135552135
213.8851643584624,0.01624969523059095,0.0026837716239413736,336.95356247050313
145.41881132142004,0.02533614500654529,0.001721221324520782,224.3405270891215
68.57127287214155,0.014154188021226427,0.0030811159294499373,209.8627715101875
511.50561130025574,0.047579017505535365,0.0009164381388730983,553.5092234321411
1860.5841643845774,0.003984157890600548,0.010946093212107313,2043.290458094811
107.10247728389974,0.0034653834846448007,0.012584707507699654,266.01712940589596
640.9901161731855,0.009349117967298192,0.004664724543427636,854.9078072307556
1113.6710651808482,0.019838487540767943,0.00219825270397575,1214.4719761347465
1538.411764371819,0.0980717471150522,0.00044433281666696086,1558.7395743516345
269.1012447467789,0.005463802509367305,0.007981825234832247,519.665178177591
495.4403599727001,0.00370799323516691,0.011761322451093327,665.4814236650268
96.58162043803209,0.0012924973208515108,0.03373880393638813,155.8380503610935
355.29814743202377,0.017365631952946953,0.002511301517803901,470.45657978437595
1345.8599097838955,0.0018493041326216818,0.023581531332882603,1430.656322378209
820.207375036171,0.001654823308191587,0.026352615844266587,896.0835998787459
117.87360074774797,0.04094564271269296,0.0010649572592003446,166.6915468226536
17.08517852213792,0.0021175148586916924,0.02059484910838381,114.18310899366922
396.42510930333464,0.0062917979245691496,0.006931427046173402,684.9613597446138
733.8436158633649,0.0013323372547974703,0.03273011906978604,794.9275908691188
515.8521667421609,0.0050878696777202775,0.008571582694972239,749.1755901491252
279.09346306083035,0.028333754825340556,0.0015391017106508892,349.66175810576425
36.15618247252697,0.027691299803529544,0.0015748145172145727,108.36257157890861
117.52697975097978,0.0037686406435521787,0.011572055447078598,290.34940817528286
501.29236297302907,0.036317959448899324,0.0012006912969098973,556.3373220938391
579.1589263711535,0.0036422418075435143,0.011973638718038198,746.1845455249075
251.75061143529112,0.03053428064170292,0.0014281672926004844,317.23040522163825
519.398384622669,0.004458421666744166,0.009781720990926928,723.8548614946282
1733.7877596842864,0.006460428953074883,0.006750502141771225,2030.0575153833051
204.085006797307,0.005135128049872226,0.008492699382867282,439.57572955166654
954.8248239643106,0.01825647382888169,0.002388753991689583,1064.3628330334282
520.3236970629797,0.010388800523254717,0.004197886021614678,712.8317776209515
120.62498400671255,0.002571186920726674,0.016961188966678982,238.52993821105764
327.2705845147116,0.0049674685506994965,0.008779338316471914,555.0723325647646
703.2965263304086,0.020558018794977914,0.0021213087158084916,800.5684598394763
2154.8657667653074,0.009836900187867108,0.004433412238105594,2358.1752902586645
20.677198882802582,0.004154964978138536,0.010496115824046876,211.2168792136055
453.0292882135102,0.0054155035325465445,0.008053011921523827,701.3782022970706
1328.3499222367584,0.006049630361648744,0.007208892494110394,1605.780242649119
274.9979703083138,0.004598304851664439,0.009484158715291104,485.869603048733
812.3837465740287,0.000420400283075089,0.10364505044795161,831.6112285077382
158.3086016078594,0.004913901330628917,0.008875042421871425,383.6537203959093
731.105589410531,0.006662430343345678,0.0065458304992918465,1031.2919035420673
1203.0855272257238,0.00030244710907076925,0.14394624639944653,1216.8835056303894
734.4014248889442,0.013424535529053828,0.003248586393665782,883.373420887775
5.7367855051523975,0.001502377711681852,0.029026247011586365,74.62058869336003
2277.7841798585528,0.011995528075877516,0.0036355953252235817,2444.504982641628
1959.5615081546855,0.0012943240722404065,0.03369119549111844,2018.901735845752
1099.1623285697708,0.0014355451657014414,0.030377376216203525,1164.9805466387097
459.1664387466626,0.013157817273679075,0.003314439374738459,611.1585616269621
1662.027851240579,0.010679960839167444,0.004083440220886333,1849.2873354743547
179.49903095938478,0.02761521539755855,0.0015791539391213764,251.90446199748067
1988.0339429013454,0.005855435675035361,0.007447973642519334,2256.5583918742627
1208.2718518287659,0.04891872880909893,0.0008913305313647478,1249.1233709242558
182.75188756448773,0.021642667509051732,0.0020149891262296418,275.1475092859797
609.8947024776005,0.014131211971152403,0.003086125699569317,751.4159587488748
968.969011825444,0.04249317634222075,0.0010261621790929344,1016.0070599804061
353.4525397873961,0.0035663772300599107,0.01222833825443043,516.9989080039161
111.1723815015622,0.004477774061050304,0.009739446113207128,316.5163752441182
1151.5360338926555,0.0006914754909169872,0.0630492441324466,1183.2152266691971
98.28320183424331,0.007998261236085408,0.005452574622288343,348.3322178220089
186.96042027249436,0.0024640539163657237,0.017698596615295274,299.9519309682821
0.18925019641650664,0.0027238626480949038,0.016010534980628738,125.09632594449337
582.5119783586804,0.006437361750462362,0.006774691413545073,877.7238603757041
431.9844070103358,0.0007616580446801434,0.0572429394776242,466.885043457911
512.4373928040056,0.023562460338236293,0.0018508010610477975,597.302463396692
368.69918734591243,0.011402290047113066,0.003824751951872283,544.0949469848177
696.4628558688414,0.018181797292744432,0.0023985656505434902,806.450860782546
950.5932614012933,0.009037525109672805,0.004825555092410396,1171.8867598086065
842.1832342314123,0.03263539126984204,0.0013362051981120292,903.4446386743757
58.4537933158064,0.0029179468838976433,0.014945650407593842,192.26202703368216
692.7444238538158,0.0059669725234423624,0.007308753823801676,966.3840122387002
559.0234368392737,0.04082844463517011,0.0010680150722750556,607.9816713841782
197.32771386670504,0.004213018648478094,0.01035148583160151,390.5297909905771
1204.1075721776767,0.005755779296176932,0.0075769284214713154,1468.0617255462814
175.02978121485378,0.07348690630723495,0.0005931917614750575,202.19650501048937
481.3474645660415,0.000526760876173791,0.08274450930649774,505.4630644539016
132.83102380213217,0.0035635662776130413,0.012237983786415938,296.2484778867537
8.90187658193294,0.006408614539673128,0.0068050807158171155,302.79539683175256
158.63954769128895,0.019288657088962484,0.0022609187279910782,262.31457025833106
1969.6298250517962,0.01002284600154324,0.004351161623777303,2169.1672645790086
850.5454272685577,0.008269400932697017,0.005273792809476059,1092.3954025458722
0.16763858719500307,0.009938181221291188,0.004388230288466745,201.40507932915534
348.19644587194506,0.0018556394729113412,0.02350102898429012,433.28343456806
125.55520437982808,0.03272901769808174,0.001332382097577508,186.6412364052082
471.9398745117089,0.008175397765757864,0.005334432856642178,716.5708391471412
391.5061998653566,0.010891886888980316,0.004003986436259414,575.1218516766028
340.2776120045662,0.0015690453436643381,0.027793104032442693,412.2193785685564
178.63058643426152,0.007357941018939781,0.005927083709613148,450.44085262933936
732.0743234450463,0.02070665792055426,0.002106080206638709,828.647809891444
401.5408300107941,0.006035929925993749,0.007225255293607462,678.3428412521553
1351.937912205545,0.0021197399779938125,0.020573231930484277,1449.137896480247
172.72774044928912,0.20940080251112145,0.0002075062785242227,182.138791888341
1023.7097267187703,0.009071500574977357,0.004807481777904539,1244.174369999564
830.3704819513747,0.012362061913830534,0.003527797907822069,992.1475489584075
137.76907472730403,4.796174717651134e-07,0.043982951851129236,183.21191298218247
167.51748339596284,0.0016122410173632546,0.0270485540928869,241.44055594996655
284.1472934634721,0.002921252816777335,0.014928737269965225,418.10714442051705
281.5649727847836,0.01803468110319498,0.002418132775581835,392.45039131295414
138.00714730151944,0.016405500276081127,0.002658282419167957,259.90654300215965
490.6051733260876,0.004553193710507467,0.009578122697604063,699.4079734652641
2047.2814246333853,0.0013594177169025045,0.03207822711917941,2109.6076229319974
309.0144403001798,0.015139854008355744,0.0028805161242056285,441.1060170380754
1170.3683833251807,0.007336906003767815,0.00594407679715432,1442.9579615548878
229.3899606424366,0.003322689225882195,0.013125148822013098,381.76043502307476
43.21943373989127,0.0031552101873844477,0.013821813351573859,187.90903313078928
412.9724162688119,0.011961428326282714,0.0036459599390066574,580.1685537778034
801.7657677332056,0.0047196876578812896,0.009240243991469478,1018.2041085515119
198.84590653307177,0.007707433439334522,0.005658319967824688,458.330521296828
1184.5148917800693,0.02102865668762426,0.002073828808419602,1279.6091823036716
143.88573804740858,0.002526162554765929,0.017263477515806796,259.7257424218049
320.7866094277813,0.004715921036058356,0.009247624127330727,537.0522101669225
39.006712864001145,0.02100775340066153,0.0020758924751162373,134.19565268395343
433.5966760048853,0.09064493495330951,0.00048079454997057314,455.60032495341966
1065.1987254790474,0.00769270761672895,0.0056691514979597775,1325.1800802443695
756.3412137661876,0.0012548444714004703,0.03475096961365629,813.870395564837
144.21184251807185,0.009783318549493426,0.00445769362342286,348.6349307160093
1522.45142669336,0.021684350231773356,0.0020111155151210473,1614.6693854871128
157.8754781280031,0.0028991585089411837,0.015042504140987612,290.8220359413366
367.5983826265882,0.005286814784079996,0.008249032674992584,610.0455536139374
313.43402109918486,0.002323246733255541,0.018771211839773382,419.9676378925659
588.1062682049541,0.011071504549904255,0.003939026959705661,768.7428087500081
677.7570870595077,0.016493109839787898,0.002644161300224864,799.0088502314665
1782.830367230254,0.004043891870161389,0.010784406722263778,1968.2761238012847
275.017085408796,0.001507344514283612,0.028930616882697366,344.1287116802784
315.83740265609816,0.06042260050810515,0.0007215542748387995,348.8973084445694
1334.5676711636142,0.03869396681261008,0.0011269459887972544,1386.2295170871614
238.84822682226843,0.0005643449603117325,0.07723958666903967,264.6901713585668
323.73239016280814,0.008973022068095275,0.00486024418371079,546.6167548489176
357.36395567783836,0.007289969432945105,0.005982347934005408,631.7086685285224
495.90768116033365,0.0031973564403288946,0.013639625208783432,642.5301829958911
45.26710939470202,0.00657388234861333,0.006634000650521765,346.7398956206421
231.6720572133823,0.0033612192939010523,0.012974697602511888,385.8095817622932
274.53316482323584,0.05992417601330767,0.0007275595024760461,307.86871687742723
432.89646870033044,0.0006912654442808132,0.06306838946427819,464.56601925790534
986.8456308040214,0.005411820074076095,0.008058493027431118,1235.0256193119803
259.3538613297794,0.0034009859230564807,0.01282299255181213,415.31514503889264
153.2360132084972,0.001240722907138238,0.03514641465455149,210.11738896707996
14.389927924759322,0.01246161900087714,0.003499613323999401,174.87440998298928
992.4863763263429,0.007377159494442458,0.005911642823728396,1263.5885152620974
833.7879413325555,0.0011134508597416032,0.039162822272099,884.8306725513731
784.4324198828043,0.814486999058181,9.406073265430148e-06,786.3193225097554
465.1730278323034,0.0008764523514714349,0.049748807093366064,505.3418254762274
0.8802976038339128,0.007022967470653537,0.006209787752730066,285.65551931283807
785.4706743915923,0.0007028008723009277,0.06203388517237098,817.6697518383652
26.599128643427278,0.0035703327507159146,0.01221479096148402,190.32690244689144
109.08301773239619,0.012904995258445537,0.0033793743547982772,264.05316167905266
526.0174280394705,0.002626481945129441,0.016604123178877078,646.4583677470315
315.2747541440081,0.015243791833541834,0.0028608749711375734,446.4655434160083
243.08337189740027,0.0010298671948785953,0.042340350039008795,290.29140674999974
1660.799184954914,0.015118351605366408,0.002884613151372929,1793.0786604896707
186.5067724300682,0.004638081879728021,0.009402821772705672,399.2026105474914
856.1974531754541,0.017156165028642596,0.0025419645664142335,972.7621848707474
302.4725301312773,0.04859159993531903,0.0008973335411766803,343.5995080267123
141.99690678569638,0.15007841991213183,0.0002900454892329309,155.22307026420435
1201.1374499770857,0.0002823032147110711,0.1541783072118144,1214.00649468851
352.34823979201843,0.035864011928830014,0.0012158923233159165,408.09053782406926
112.947002252558,0.0365583337340252,0.001192794905560693,167.62971638556564
855.2221121974294,0.00970660285011633,0.004492925246380797,1061.2609517785604
549.5956887832922,0.008107264513307974,0.0053792635817524895,796.2826172821914
1679.2216076676677,0.009256643837413998,0.004711325775572599,1895.276466336147
130.68355191952003,0.003537522002111658,0.012328081331900172,292.90657949956176
1127.2599700830579,0.023115060203627982,0.0018866272301369558,1213.7682363687713
301.42310720456237,0.0029182933119853574,0.014943876285815946,435.247228865418
589.7644657424639,0.007135517402378174,0.00611183934150865,870.0477224939859
655.7553864847813,0.021915463770829598,0.0019899052709707746,747.0005373497787
1117.7249751210093,0.021929315764576546,0.001988648216497868,1208.9124711010809
1125.814635580175,0.0076218154826823035,0.0057218817184134735,1388.2142274289502
267.26151107837836,0.029376991358664777,0.0014844376599777627,335.3224164335459
704.6134618669802,0.03484685762787232,0.001251390823754669,761.984213059216
198.20270731693935,0.006383195456684715,0.006832179799851877,490.9304954272543
616.3311197182933,0.004669386935323091,0.009339782956822045,830.4626316114259
220.94407858955967,0.0010596338633073572,0.0411512878457647,269.5177934071933
267.57434519688985,0.006042877069674683,0.007216948860254456,544.6949560956552
401.6008391995485,0.020166255958503496,0.0021625214854368077,500.7629681627934
1371.6563225430464,0.014604975676280925,0.0029860131319633582,1508.5862181321654
8.211668169343728,0.002028273049102048,0.021500932402238177,101.21655557120323
270.57907709756734,0.01935937375511109,0.0022526594508952696,373.8752974273966
189.45401328096025,0.016351727477902207,0.0026670245851986903,311.75434802321166
641.8191423073478,0.005372197689987337,0.008117927691430455,888.1820248056562
332.86962104758004,0.011692948136250905,0.0037296761106969077,503.90508839433824
475.3838647196366,0.006727320188603655,0.00648269122773158,772.6745796869997
896.4422935325076,0.02365843786345041,0.0018432920413423062,980.9629558783691
27.479022288396322,0.0013166319808578149,0.03312046521337441,87.84256559882257
526.3356951411245,0.0006664580053573281,0.0654143283808648,556.8664144154199
883.3884621338055,0.006272112163194354,0.006953182113104701,1171.0219134374563
32.310036070151554,0.004945714576272137,0.008817954336943422,259.1141320957539
455.1551271517954,0.0018186230393363466,0.02397932614571802,538.5443197601043
914.7022135112717,0.0028656133310395447,0.01521858679999388,1046.110314691024
1072.562635326681,0.12245104314923783,0.0003557090909604605,1088.813977660773
555.8881880711348,0.020811312654673956,0.002095488520406121,651.975892117224
830.6938006631193,0.00946410231520802,0.004608049726967404,1042.01234099715
11.027790751700635,0.024926217308997422,0.001749530907595669,91.24797607630082
289.9006989137942,0.00591210596246407,0.007376581589165154,561.0240776391589
409.22901274138894,0.007782609887301501,0.005603662931456039,666.2070251888259
525.1144583835427,0.07766829995582239,0.000561226782426696,550.8131901229067
1615.6870408308773,0.006130915232502385,0.007113315814841785,1896.8451278754687
1218.9758896788665,0.003392492297192487,0.01285509606315054,1374.5476426992477
1232.5648346326589,0.001031254698227904,0.04228340011950077,1279.8365282123636
367.3217240673877,0.05484855917750613,0.0007949255427577287,403.74919000845455
302.9955146257188,0.022691668062334507,0.001921831920188845,391.11846390338377
530.288728963554,0.0023413831668231146,0.01862581770359707,637.6541475320568
1942.3245419189993,0.02994196719674078,0.0014564237052368796,2009.1004578167117
184.49738848351677,1.0333483321839676,1.2389013448086275e-05,185.68932034908
80.17543759552616,0.009190471490850121,0.004745248164952949,297.7860021710083
296.8614742778086,0.002190919128392019,0.019904887788974358,397.3260374469963
1293.4529612040888,0.0006030792015947631,0.0722831513110956,1321.0737208681815
228.26257054187306,0.018702959306757146,0.002331725424989844,335.1850506320263
298.76628230121565,0.035887273572943856,0.0012151040295615043,354.47241792072856
1099.594613449916,0.001314180040608365,0.03318224863314784,1159.8456810352702
2.0990144091828444,0.004186752912065773,0.01041642524991361,194.09651997217435
170.59804894638708,0.037290035233671,0.0011693847370727731,224.2068178942121
84.42296816727931,0.0058604128500060705,0.007441648194368096,353.1756730620619
192.63390217880655,0.0006658892567852201,0.0654701601079276,223.1385109741045
16.51331983605778,0.00222013321331878,0.01964298192522707,118.31775919439501
2048.591853935466,0.0023180855834303927,0.018813002969514086,2154.888761715288
410.33633787507705,0.053185454768539475,0.0008197950691638959,447.9051404341903
1356.4891397136141,0.05497618730884882,0.0007930791834185895,1392.831868646187
417.0858219540743,0.00019053434813422367,0.2278987302721571,425.70918852610885
125.5845201607936,0.127796496614656,0.0003407924814781259,141.14911086880923
228.703372343042,0.016337615287655517,0.002669328421442487,351.1093671291346
1147.2977636558844,0.004375551789630735,0.009966977484198405,1347.9537574753379
630.2642455070346,0.007842832730729476,0.005560633811626894,885.2689181570313
244.42690946939365,0.00426550377073008,0.010224117267077646,440.0360030360007
554.7996732960588,0.011822834850821072,0.0036887007119537386,723.9559575615135
46.094985809856425,0.00021996881896338722,0.19761635904476083,56.083516913152074
986.7609072237101,0.010506135054821935,0.004151002512597988,1177.1188650366312
459.5107081393267,0.013784744605423178,0.003163695162124187,604.589443813002
388.35685561780014,0.016548617980821526,0.002635291739394387,509.2018366194118
3180.0646915967527,0.005641769221401344,0.007730043933060742,3438.790279891042
508.7932751886594,0.14255858358605195,0.00030540126637089947,522.72742720332
48.97459253499131,0.0009664220261950277,0.04511906136864906,93.27167235044266
584.9318140992651,0.005958250642944425,0.007319452582629361,858.1714124213274
324.0198843279377,0.0012836941146273963,0.03397013070046689,382.87248767088573
2652.1556064381266,0.01605435123996607,0.002716428250435372,2776.7217218187257
59.42159271168565,0.0006883573539511858,0.06333465560069201,90.95764639229591
1098.898869756239,0.058979815342934304,0.0007392158064049135,1132.7694468564725
889.2548988715841,0.020811451728339266,0.002095474516188755,985.34196062089
783.4668649956141,0.0006204438051690783,0.07026182237112036,811.8849688793384
101.99278175823456,0.0026363344244262725,0.01654207320069278,222.88558313924221
416.06026598381766,0.005792658948563594,0.007528689195163101,681.7057403250145
590.6008944124048,0.002380081990109586,0.018322988965000248,699.7411759203537
150.71949295246392,0.06446200006148718,0.0006763108853992788,181.70253718633953
294.946567690218,0.0017209941063702874,0.025339489712272678,373.85786166473656
13.934286616569782,0.018777839192124862,0.0023224267312785003,120.43029515711265
45.11599061661683,0.10430755890830307,0.00041772531285493513,64.22046757257998
206.62266515714308,0.009238843901052927,0.004720402905267104,423.09380775221484
468.19088155970576,0.013329810590266776,0.003271672303896099,618.2216362470102
4.438216213024611,0.011702529710556568,0.003726622335008398,175.33363362816775
855.4118922322751,0.0028141974300914282,0.01549662250838153,984.4619416532006
277.57019071101695,0.011406674691640343,0.0038232817161755776,452.8985236236977
589.9534142849316,0.031043353518891655,0.0014047434405155864,654.3587465773621
833.4357052054547,0.034385892179824955,0.0012681699075735029,891.5761678022048
173.79957794214832,0.0050654150856499994,0.008609579551212736,406.0932191456519
372.5636956638668,0.0032320630212864495,0.0134931642264261,520.7779016114077
1110.8277354992988,0.003154726976641917,0.01382393038012135,1255.4951739690339
148.25376957555184,0.0008742575449699729,0.04987364881343016,188.321851991828
1082.695815192821,0.010034560296257496,0.004346082030705225,1282.0003001166278
644.0761065170396,0.012288422051021002,0.0035489391582078375,806.8227407449363
135.00956080293574,0.0038047194697439076,0.01146232383941687,309.4866072848704
454.8448241214067,0.00393518996154154,0.011082299602672313,635.3053957345718
784.1511896296149,0.010959841777338627,0.003979159880074674,966.6282692476245
1039.1535202940793,0.0003497123056213659,0.12454542653534989,1055.1288017928107
389.96679322691756,0.004069951295050512,0.010715356556875137,576.6076616747457
1790.216533122305,0.005825992284171891,0.007485614064188613,2057.3906923071495
754.8757495735751,0.005623014118124421,0.007755826740291283,1012.741218325024
1299.1760451563273,0.001379750009832409,0.031605594601751455,1362.4349092414316
566.0602251235512,0.019626695463261654,0.002221975622798814,667.9491647244593
216.5056010029521,0.0003200104273323642,0.13607102112729694,231.11298155885606
15.981688839821167,0.009578806804510665,0.00455286852301855,224.76957562103567
1381.467693800289,0.0009007326170421377,0.04840830254871796,1422.750643380485
514.6422301170034,0.00537096243522661,0.008119794702604089,760.9484630961932
555.3153825150024,0.007310101330915352,0.005965872598632904,828.9045277653792
503.892711088376,1.0951298999169201,1.3296257032669121e-05,504.92294125411365
328.6058715332433,0.01153582102798046,0.003780478311838437,501.9711896657128
777.1412713537659,0.006729512417574149,0.006480579402928428,1074.3351369589968
108.92570613994506,0.009229233951695729,0.004725318081258682,325.6222623552655
80.69130700985961,0.020935279980749122,0.0020830792892433925,176.2098671948205
621.2112867060933,0.0012829269952292592,0.03399043905577549,680.0287001584124
234.90635159898878,0.012219805619417516,0.0035688675551709893,398.5669295325295
54.1439570642822,0.0004329165711270018,0.10065364379308127,73.946929462317
1083.2170972904592,0.0008290521055632043,0.05259187140610685,1121.210720066218
244.36922547858964,0.0007447620655073724,0.05854084312023466,278.49437100940565
137.57718075534473,0.19584647043373274,0.00022196964357943042,147.6583622569455
855.1317047708533,0.2609077628633859,0.00016620348387159917,862.6225159881549
74.20557583056811,0.002024062027268405,0.021545661248949265,167.01732527302528
12.40552569405241,0.0006596474665601366,0.06608921047986994,42.623579161903926
873.2465608896495,0.0033447527707327405,0.013038571537589657,1026.6289047083762
356.66613855737836,0.0014332100418630658,0.030426862350011647,422.377244189487
705.4447295697846,0.005260190479230857,0.00829078463669713,946.6708936408874
989.9290110628175,0.012573514075204024,0.0034684685793587703,1148.9851501360604
854.8948729157265,0.008225642033111833,0.00530184860305224,1098.0315039881616
224.4138891011456,0.007255532471133374,0.006010742055456683,500.0607713480656
1028.9675640781766,0.0013409009113948703,0.03252112523736566,1090.4443688718993
587.2996232670281,0.002054842258311927,0.021222945126488323,681.523101840101
45.15533377270554,0.002975937599566769,0.014654421560476192,181.6231446412329
1647.4515243723188,0.05099825733478304,0.0008549704216674269,1686.6345459542604
253.62185590072713,0.021755666821624425,0.002004522425400063,345.53742286906225
265.49863914628935,0.0038257712183793115,0.011399252293861958,440.9411435367898
330.05904546278595,0.0027886018617318807,0.01563885481945873,457.9352212596491
504.28408845821355,0.20352526062115367,0.0002135401327467109,513.9748187970794
508.1592208246516,0.0024489972649188326,0.017807403526805488,620.4601854266447
485.83010125618347,0.06762169966276219,0.0006446870713614384,515.3613111695405
783.7872926687784,0.01720120260713327,0.002535308669606781,900.0467651914864
1187.0237817173506,0.002344894312961489,0.018597929770836942,1294.550233890395
411.9889461882045,0.004756557757519821,0.009168619675756452,630.1181769799426
693.1274854703195,0.00041638887581393517,0.1046417336159349,712.1705065328247
1316.4705821977925,0.008362229361320165,0.005215248459942304,1555.6356774669578
175.8265630604581,0.0061181586051726146,0.0071281473556732726,456.3996245358226
136.08071050437493,0.007454274483455583,0.005850486259828113,404.3781766310759
2094.0669195151977,0.029162955839580326,0.0014953339424543432,2162.627630353968
472.46962579447387,0.017529249230793267,0.002487859975229903,586.5529570173237
296.5928897939416,0.007019395626995037,0.006212947630276213,581.5130251197464
530.5353980997471,0.009092632058919928,0.004796308970257358,750.4876483867336
592.9928827320101,0.0013972650192629718,0.031209476453347842,657.0551750469199
2406.9726937082423,5.4503996675591454e-05,0.7611433870648473,2409.0721444724823
394.38430694913546,0.17002127888671256,0.000255887668638147,406.03397386853754
2172.8136327301945,0.0029748911104646174,0.014659576426770168,2309.233449438407
104.69828534584188,0.08125541038391643,0.0005364253003424723,129.25783681580887
645.3981437014589,0.0057287806088513835,0.007612636941478306,908.1141224612304
1637.4161243081876,0.002208549268975853,0.019746003692112952,1738.689277498197
205.5463403976665,0.0009792620284669567,0.04452766066894246,250.43255240266606
1259.3832187790254,0.0006321033281267502,0.06896683785924411,1288.3366709919744
804.9028433418086,0.009283503030426389,0.004697694740864613,1020.3325725610616
135.7722147787887,0.018829137158692943,0.002316099161812295,241.97801804821705
776.0849023770165,0.04018930429669004,0.0010850046567865894,825.822590854825
564.9878874611106,0.02165272097360445,0.002014053484469172,657.3405960399001
340.41655680714416,0.0010640738013629725,0.04097962873526457,389.1939709276798
483.9265802174925,0.0042013152511944755,0.010380321024679257,676.5919284939181
522.093075007937,0.05715645218146336,0.0007628111900887436,557.0466374246149
70.53115108976826,0.004303629314340902,0.010133543826277732,267.8887166834455
206.94321883881153,0.008253972289663921,0.0052836508526210735,449.2452899994405
1464.116119606478,0.013590807057156713,0.003208841674037628,1611.2653543832466
215.99873517786776,0.031238631462295746,0.0013959607406801835,280.0011993069892
707.9425187592308,0.01123338018214086,0.00388226363666753,885.9758302806301
1604.3703709446502,0.0006683345627833601,0.06523078767873915,1634.9872400992404
952.3229565695331,0.0004614118245294437,0.0944471512427736,973.4358180094149
2032.0655967677137,0.017601961146686843,0.0024775823611601793,2145.6775645693288
1379.9664930551626,0.0717086543196196,0.0006079149896819868,1407.809307228524
1.377108214283671,0.00634417750554862,0.006874199016530851,292.31551311302894
16.75601712929865,0.0012239185149888786,0.03562887339313556,72.86651011535331
307.7546178562148,0.006675151726402705,0.006533355570738556,607.3688254105921
212.18998583788692,0.22102594809123266,0.00019650981408493755,221.09086439269439
1326.6734677164511,0.011627465162240884,0.003750681141396773,1498.6722515716003
102.7028276666875,0.004042548296281192,0.010787990948005465,288.0869665551221
28.887212440458804,0.003342545385850403,0.013047181856892597,182.1683220837618
55.785526857281894,0.002709755624820156,0.01609388254943436,180.04561857257727
170.23552857161397,0.006389191136485218,0.006825768421382557,463.23828162361417
278.3324043035468,0.003858731660881198,0.011301884215388518,455.28651267194726
1200.359912058417,0.010077664926818176,0.0043274925234750615,1398.8118657445543
1085.1643848396434,0.0017630159844796277,0.02473557937723994,1166.003084981135
177.09478199398635,0.010433117235919418,0.004180054407624194,368.785087741198
650.2623232125587,0.010205083115575803,0.004273459748196673,846.2362851803849
384.68822090807106,0.0018341408637855031,0.02377646715143156,468.7891553656459
607.3275817615421,0.002016095332564627,0.021630793365865483,699.7739395518306
411.31108636985914,0.07766734171048334,0.0005612337137053992,437.010136454133
425.5022355090487,0.0038787320625334265,0.01124360795203389,603.3735850504922
199.90008489225457,0.022182237474523074,0.0019659718507958886,290.0475263798832
407.98564984756206,0.009027803155373059,0.004830751736731787,629.5174700624574
1528.8403702578985,0.019232552946595153,0.002267514558119049,1632.8179027992064
967.1758674245209,0.009090872053837963,0.004797237551370956,1187.170703110533
466.8525024136743,0.00027976431847998994,0.1555718826942913,479.60441360506445
814.3589631273315,0.02678398605327443,0.0016281684084189334,889.012590804057
105.05828487207262,0.006181564682158373,0.007055032060638605,388.53918196534664
410.31377450429073,0.010589847993927887,0.004118188250031529,599.1668380547861
748.0441711501144,0.0034991473015419223,0.012463278621158253,908.5072807519355
59.04999705715682,0.05526382007186414,0.0007889493425431054,95.20318955913481
245.98017520159718,0.009247190776845765,0.00471614204028218,462.25591135899043
498.2857770114914,0.0005407194052738586,0.08061082467172988,523.0425768612075
2662.7271828201465,0.002836095419087623,0.01537697494942897,2792.781525098326
797.0863302057439,0.012355706550713734,0.003529612531776339,958.9466184134131
452.12720676346237,0.006559557842418828,0.006648487719633575,752.943063841421
825.4043758111229,0.001125048297641065,0.03875921809647491,876.9791618843226
1470.944068410784,0.009836772959248865,0.004433469580504823,1674.256221674959
11.842671906686922,0.0022087527081732852,0.019744185084992674,113.12515563919652
708.3344039857981,0.004582026107280489,0.00951785306971729,918.4594807197923
329.45241151827446,0.03202333767332677,0.0013617482188181696,391.88551299197735
1488.3739728045746,0.0028163563174987915,0.015484743979488208,1617.5230338780434
1659.8984470496962,0.004632283090622198,0.009414592290568605,1872.3283482314694
232.87073621103406,0.006873755983880424,0.006344586405873434,523.8278934881719
594.5011887035981,0.044567888265483566,0.000978377840780597,639.346832161838
425.00188170710055,0.0094068366887279,0.004636102285779017,637.606934122241
946.0836595828627,0.00452404753897523,0.009639829002943877,1153.5497928655845
152.6898430880473,0.1965499552742733,0.00022117006673051993,162.7340012381729
160.54098272623688,0.005264337595436399,0.008284253404250166,401.9573360930913
104.71646128429589,0.009601602443251795,0.004542059204632739,313.0086240695682
361.31798552597394,0.07511039093669754,0.0005803584562946989,387.8953673313298
1124.250709381426,0.01561488142504423,0.002792883347237267,1252.3232443716017
573.7086537144814,0.009852983009834112,0.004426175577134798,776.6862978183585
305.67432063662386,0.022207978439140297,0.001963692934134539,395.71723915190194
608.0602376784233,0.15624356492366753,0.00027855675191817416,620.7564325687244
47.87515947630063,0.004416883514521247,0.009873711051979097,250.42666170302286
618.2781124022836,0.003674520375092082,0.011868459371809723,786.7840683634362
160.78195691913214,0.017647667755780385,0.0024711652169775327,274.0996143330503
245.97123169635117,0.007660970575603711,0.005692637150803625,507.0296515309942
179.3364443959257,0.005000639768213767,0.008721102000283462,408.6594467639552
11.29267272363965,0.032118296499607776,0.0013577214763262119,73.54106218632721
20.169103631239647,0.0007450800517997476,0.05851587323480306,54.3088443549951
389.51085298351376,0.005556395895452949,0.007848814503518525,644.3211723859365
491.2800260568809,0.021688426228229335,0.0020107375284194266,583.4806485102813
54.71058037139193,0.022273483535785607,0.0019579173488949377,144.488600371513
1752.678678594339,0.0005045810979760111,0.08637726842550571,1775.7753050430554
286.461328023114,0.012259863928713532,0.0035572062461191136,449.58710232062805
346.69746040361815,0.012935909238077001,0.0033712981837956558,501.29721859998915
2040.3074204211885,0.001038608809339659,0.04198409088429121,2087.91651973786
275.10689593869904,0.005026163613635234,0.00867681490453201,505.60043882760215
189.7474694819333,0.002980523859341715,0.014631872946002529,326.4256157137364
253.70864797715944,0.0035044160360353026,0.012444541078803259,414.4133892663891
99.90863261157568,0.0025507185853113176,0.01709728819829284,216.87484940764048
581.9314920470501,0.009572980220943106,0.004555639654069294,790.8464651102842
2032.922118286851,0.0016870639609995286,0.025849060309589472,2110.277136493651
1020.6355895024365,0.015561662463384463,0.002802435037995999,1149.1461878102932
286.79384124027774,0.0011558799230537526,0.037725613651486245,339.78306797131074
16.192719510277247,0.021010012996802448,0.0020756691996564056,111.37141888629034
713.6442899096321,0.06858180762593186,0.0006356548731738761,742.7608069943639
661.4029885700124,0.005081322950795852,0.0085826261506279,894.4261748315702
363.7553864966575,0.002661016693721693,0.016388643867066826,485.7801833366524
175.98731248415166,0.0066125391333950794,0.006595218403918589,478.4385810695346
214.50427638240188,0.021565427830731218,0.002022206656827216,307.23092947568415
635.499490206416,0.004671158515518725,0.009336240796096842,849.7122481118199
820.9623664764697,0.00024364554695649644,0.17851987511948544,832.0463339644373
237.22910425652077,0.004664387264328066,0.009349793989121793,451.13132743799395
75.34312908653071,0.010009696457788061,0.004356877737831413,275.14271461565255
129.2786123231668,0.003306191736144206,0.013190639924519087,280.8924850979041
144.15491158831298,0.017044112869522583,0.0025586768610325323,261.4861181874814
1269.1120362349586,0.01571336066530195,0.0027753790148208287,1396.3817803347988
427.47527935711486,0.0028577323877140627,0.015260554457887127,558.5219426195804
1740.4477712610296,0.012150633535139168,0.0035891851463966764,1905.040141525844
1098.9897142903073,0.0061964235835138635,0.00703811426508111,1383.1520482900985
677.1102285352177,0.07836314265348855,0.0005562453792090102,702.5801675999279
144.71900960303387,0.002009267578151629,0.02170429192360974,236.85221285685293
558.5611304658156,0.005028202211648864,0.00867329706862226,789.1481648085488
279.6728328557443,0.0015152817678855282,0.028779095261411876,349.1485336656081
1651.7388749736301,0.0039821516607123734,0.01095160781839251,1834.3531608436965
114.49499319884086,0.02995278344933489,0.0014558976975075839,181.24678121816777
762.7056404955691,0.004730832572692451,0.009218476014474798,979.6550953735102
170.4912419213771,0.0016315534480495228,0.026728423001795624,245.30013374350767
736.274892904997,0.0003454572024254399,0.12607545493312122,752.0542694286997
879.2220950729768,0.0020460524750291107,0.0213141114713257,973.0424324874086
518.1507862064431,0.002050479600026177,0.021268096294992284,612.1741726231949
303.866813688502,0.01601976416662177,0.0027222933317160823,428.70191660948865
1399.6024233776393,0.06947131024862914,0.0006275095971769258,1428.3449567847356
556.5039449343772,0.0010086098244578743,0.043232436540429575,602.7366807136386
256.04516306343936,0.008447129916749957,0.00516283057305463,492.8063411379103
37.142742549902266,0.0007832572513301351,0.05566522700881999,73.03469764475159
42.67030900220297,0.0004825773157789939,0.09031052488302285,64.75588226802805
250.3411483190668,0.005779836748758531,0.0075453910477607045,515.3985895984606
464.87616230846254,0.0025971771455009013,0.01679146439365567,583.9731023211084
39.97066397200298,0.005018115366591928,0.008690730998568031,270.09510891675296
90.45955832625889,0.006743617830924271,0.006467024170952402,387.03177408100873
761.9953018974484,0.014329469719604635,0.0030434257322854907,901.5582548973807
463.195152744573,0.006495854528288885,0.006713687849368474,761.0895433853503
81.21522877495879,0.0038531234290798294,0.01131833382893434,257.9121372048525
504.1575921002693,0.004441989347989735,0.009817906199562746,707.8604690763559
484.57028561835546,0.012818385604054012,0.0034022082738306403,640.5876281996688
107.96546683504243,0.09054927576796913,0.00048130317273706547,129.9924889031964
1617.0276200567887,0.01564070803167478,0.002788271437111634,1744.888641786648
68.11259748965472,0.015410788433043733,0.002829872381133967,197.88153682168507
578.9873812093517,0.001185244300941204,0.03679117646204683,633.3237117380401
172.51104227178055,0.004036672971546637,0.010803692465295394,357.6257327017652
964.5612369184134,0.006865617143022948,0.006352107599865178,1255.8633200046868
804.718535294021,0.013783563653145162,0.003163966230273963,949.8097026415957
1144.3223361653284,0.0008443195741821827,0.0516413015715078,1183.0165932878128
144.4003375824946,0.0001858014650031485,0.23365191663425375,152.80374121781844
52.10652772768845,0.0006736514573741323,0.06471630465092244,82.96748459889895
745.4954642341745,0.014300385310298301,0.0030496157143684037,885.3423019755138
48.31341614577806,0.009363263517186854,0.004657677233817327,261.9079122156129
1036.4505622099762,0.0005200953743417712,0.08380372355250494,1060.2599549084923
758.7946491245119,0.026270571463991265,0.0016599920035842892,834.9079489926637
118.71271489617212,0.00951909046778162,0.004581430477264203,328.8104755679361
170.10781572445416,0.013108062794830498,0.0033270203832488745,322.6769239481663
366.02522563227984,0.025677202452610997,0.0016983567504516095,443.8982119341117
569.3790371285673,0.02048322960137669,0.0021290546624713374,667.0062337488862
131.57745746196923,0.0025008354859477485,0.01743830376871269,246.25588563870377
175.82018456604868,0.0068934215311923395,0.006326486553134886,465.94727331913884
47.986026663083756,0.015972651362284877,0.002730323319279604,173.18940511416852
1687.334577924906,0.013289535121826231,0.0032815877594505496,1837.8200718957705
807.8166902108029,0.004851843066548991,0.008988558986946747,1030.3157737478978
120.05076432746633,0.005096795965790522,0.008556570947827252,353.78355308345857
866.1784660976273,0.03471899117328666,0.0012560004967123004,923.7606786645413
699.8873481475488,0.024891658230470782,0.0017519601713146384,780.2189556814121
629.7068573772823,0.010380534223227824,0.004201228962016538,822.3682483503012
625.640599667008,0.0057088119793875245,0.007639264772442936,887.4408060802706
1641.0557915362638,0.008947539785965804,0.004874086120869533,1864.5749571665638
29.26552953476775,0.0034708874784764106,0.0125647516699807,188.43260284939498
24.20545566593205,0.012829594581315495,0.003399235752268791,180.08647386872144
729.6822203455125,0.026689471886186644,0.0016339348500113403,804.6003416444468
0.2838824624289519,0.02541483464505684,0.0017158914951806601,78.96113534127021
766.7474060579725,0.005151805667935653,0.008465206706533284,1003.0029749950575
48.104756442987245,0.0005351116586536085,0.08145466346790019,72.60396515404746
299.49073977777454,0.010031885307655993,0.004347240923376232,498.848372539155
1473.971082404841,0.0025306783826808607,0.017232673477138003,1590.0181961648368
111.66118888480271,0.014096131105566604,0.0030938063451572376,253.5346941745408
11.5420109223406,0.0003133365765812856,0.13896001741659253,25.841880602149423
600.3879590085317,0.0011251276103617007,0.03875648655731019,651.9663836916003
387.7196097284763,0.01887572400133607,0.0023103825050654696,493.663226279479
844.5939704635917,0.000940526420843515,0.04636089005933428,887.7028690200814
760.3178002006614,0.002825245767213447,0.015436024125848052,889.8745522467209
263.3532877089258,0.020759718929476884,0.0021006967688783377,359.6798655358295
1004.3742191666677,0.0026433407179065503,0.016498229632373306,1125.5883482104894
345.4472936751528,0.003758187704042864,0.011604241058885181,517.7903376339891
46.51139984998098,0.005321321721877013,0.008195540891236646,290.54107994236034
48.279279140159275,0.004649342254619891,0.009380049062512748,261.491526693149
850.7473531770858,0.003949526694563514,0.011042071707232384,1031.8654229982553
270.4863078435239,0.01451620515488157,0.0030042740298582946,408.2536855119618
1194.556964339552,0.020083499818644275,0.0021714329748393517,1294.127811694356
146.71556736924921,0.022446246939798083,0.0019428464850681745,235.80235790247443
181.15524041992867,0.09711027945488229,0.00044873908398650994,201.68560154643245
928.3759107488459,0.0018481326580467815,0.023596477563776634,1013.1185925741488
45.618571844765306,0.003767498903696538,0.011575562286366232,218.3886387004115
108.4493003425631,0.053106250060200866,0.0008210183191809842,146.07424018676278
31.751870672439377,0.014939086837437983,0.0029192289458447535,165.61890252904587
1067.0689328325072,0.0010024325569584843,0.043498763103167776,1113.0182488590274
310.8005377435261,0.01358950553373809,0.0032091490070729066,457.963867349505
1251.3505237458878,0.024264367762050255,0.0017972570201315783,1333.7597378593705
700.6207737542069,0.1942255610165297,0.0002238339371091981,710.7882690541154
769.9273434507548,0.014695527635316152,0.002967613072433953,906.0133741942942
241.6085596058318,0.003240034689599781,0.013459967061686362,390.18835990551315
802.9376101934297,0.006889612185944456,0.0063299845441327105,1093.225118607323
112.92667103752498,0.002343316211136124,0.018610453799849498,220.38074587354296
622.5308849198801,0.06119690924214798,0.000712419041976228,655.1714658472309
1686.4895171327016,0.0028507886344975144,0.01529772366044567,1817.217724046954
243.44309994875053,0.02287769586664565,0.0019062033898494628,330.8492388143806
327.71679861870683,0.013374489325448973,0.003260742671101778,477.2463020340414
380.7651723212823,0.003001509928447931,0.014529572730977814,518.4057826859798
608.8324687103454,0.020937591460950984,0.002082849303629972,704.3404807006631
1928.6382747290954,0.0007132708419550493,0.06112387238876802,1961.3179553429045
789.9156990189623,0.10839133365147073,0.00040195787127498894,808.2950411410834
962.3276962034121,0.013351771062609397,0.0032662910349669618,1112.1116568991608
450.7512367643285,0.017154237342734968,0.0025422502301991703,567.3290698456511
509.7109546536445,0.0031000984156366366,0.014067521993258147,651.8730262040682
868.4270628654655,0.30473972615483125,0.00014200127705941247,874.7856116505835
368.4847042502268,0.0020482378696746392,0.0212913717997212,462.40527426646486
222.05618614854632,0.0043943536937169425,0.009924332835135947,423.5744515275719
397.2702013285779,0.04980464891987469,0.0008754692524931383,437.3938865890764
270.2082404051959,0.002899876104347395,0.015038781899184513,403.1877087219989
1333.7250525822956,0.013206230296679753,0.0033022885661742082,1485.1599196140946
879.980220030981,0.006761040002384042,0.006450359622798146,1175.7881911065308
2321.3164310147936,0.007101800259906106,0.006140856520643993,2602.9304307025427
2197.906030109032,0.0023779395858875385,0.018339496149086497,2306.948053617719
107.74984692590512,0.0010754322657485634,0.040546930605405936,157.04837123551684
363.7098049516201,0.010411323093994188,0.004188804696426905,555.801407301925
479.2999480332014,0.0024481084990033127,0.017813868024695673,591.5601509729896
493.87592694769177,0.0304404041841091,0.0014325723603945378,559.5577820331827
455.65262656906657,0.00021164142838378527,0.20533840441586046,465.2553671466207
542.2145154592477,0.0009869222032197085,0.044182164011486266,587.452192236386
1062.8711230489814,0.0015179913893489446,0.028727731499074732,1132.4711115277064
688.8409347655003,0.006869059597030972,0.00634892421459272,979.9970261726855
96.10461099102989,0.017487257356893555,0.0024938343333585694,210.46194476748383
496.41566618447166,0.0015799097296621332,0.027602006619790342,568.8557640330307
454.6312877472601,0.012945430694459957,0.00336881850550429,609.1173240306053
163.3015188194691,0.004742804250908872,0.00919520718918322,380.800003698062
1468.6278834505465,0.009813108255926633,0.004444161206909194,1672.4303637011405
676.649250952565,0.00014547803905548198,0.2975650700138166,683.1709122508486
300.2314519863814,0.009611440585363356,0.004537409958031064,508.3103965869997
557.9073976257658,0.0997323326189431,0.000436922514137696,577.8945424261442
514.7321991426383,0.0002378297882955858,0.1828613011633928,525.5472702606758
354.01831016340594,0.0027943109061214924,0.015606904400551057,482.15631641973766
1192.6076896371624,0.01799221272342866,0.0024238407806342257,1303.7548960945708
168.65136248058755,0.004781766379754686,0.009120284831969501,387.93667905517964
414.01290382392733,0.004658687528557685,0.009361232998536416,627.653732781238
206.44529028734902,0.001327204877715797,0.032856665619263044,267.293833605177
1291.0194407534348,0.002013437203396982,0.021659348013139904,1383.3438836422129
281.2829668085354,0.008690997413523362,0.005017961539345587,511.40035713365967
131.38676901460994,0.0013414304512290873,0.032508289534424646,192.88786467565777
682.2205955569849,0.023146583398016393,0.001884057616267449,768.6110047435906
438.1785446420885,0.0024416064031036674,0.01786130459892788,550.1405404899056
248.15265107901118,0.010639487763250528,0.004098974057074023,436.12453263316297
642.1907005644465,0.02103249896483158,0.002073449927773354,737.2676138675671
1387.4437217557584,0.003791325505771031,0.011502817050146752,1561.306505162337
50.30940968675056,0.08074464573321176,0.0005398222791308342,75.02500074939918
623.0188913186969,0.030793550633051458,0.001416140794247704,687.9470258498012
78.00001308210338,0.0003276252933860341,0.1329177901835051,92.95819143350596
149.9061978325753,0.004608372761946513,0.009463438913734782,361.23955280253244
265.52669346073645,0.022814519671221143,0.0019114823568190035,353.17495497299876
1400.7285544026163,0.0056981065580889055,0.007653617117925581,1662.03780428135
1403.7255548631524,0.04268651159752267,0.0010215130958395513,1450.5503015749039
43.42462086849902,0.0014520640593783777,0.030031850853528327,110.00056048956323
128.83229180913588,0.017261653698967153,0.002526429474832245,244.68453793825506
1300.3081875008802,0.00013587095947266623,0.31826309175629114,1306.378674501798
456.34083247026786,0.0004973059916046995,0.08763927918492749,479.10319388990877
404.1114671952347,0.00020714834219869244,0.20975998564136644,413.5059222717402
136.2081177732949,0.006598106737599843,0.006609644481997243,438.7918468118329
1773.988473683321,0.00602604671274078,0.007237105276305095,2050.337235569875
895.2425553394764,0.005320979404842245,0.008196068135353502,1139.2565365659266
785.5235480844507,0.0034090940694303795,0.01279249528186627,941.8566837332042
478.6448208582383,0.011823896835318546,0.003688369397716973,647.78591063274
85.82248203736022,0.11432153260089734,0.0003810651143501968,103.24071823330918
988.8613846915094,0.004467165015001128,0.00976257598136485,1193.7188387918038
9.228788460477134,0.015308169159921664,0.002848843331146729,139.86777931378623
744.8791513491364,0.0015892975675700408,0.027438984498212745,817.7498526326091
465.4882820450129,0.0025854419385083096,0.016867676589941812,584.0470122133129
791.56195354806,0.0065296868368743075,0.006678902189166508,1091.0079110986844
1141.0763305465032,0.004646794171201618,0.00938519258337992,1354.17172104177
181.03026277453614,0.0008903359170817055,0.048973355198996635,221.83614200863215
1100.5694371785773,0.0033525129749075035,0.013008391398098914,1254.3076762397943
471.85226256880566,0.0048137739084747975,0.009059643245186237,692.6054674671065
161.4264792445963,0.18775543545028703,0.00023159523902450567,171.95316879273372
53.724118410743806,0.009093545595011167,0.004795827129056339,273.6542711129292
662.7923924206845,0.0008353155285225603,0.05219770293395589,701.0734499680623
248.2992064952835,0.017984478321701705,0.0024248832324026775,359.49422321683454
1199.0683584084989,0.010010048545707115,0.004356724489345816,1398.860915827899
372.9122473695998,0.11263430825816445,0.0003867857033079098,390.5936733106078
72.12789259193161,0.004135525629823742,0.010545452832823422,261.7760654526063
146.28979114483067,0.012873906312623183,0.003387535350820128,301.6342109792132
455.66234426207353,0.009543925451330903,0.004569508645391781,665.2133602971313
268.38300171631994,0.0053368376022344495,0.008171714006270214,513.1242494309814
1914.4860616616809,0.00565131092151783,0.007716992550639587,2173.649237653163
1079.4583388627445,0.0002570531289837329,0.16925409818554726,1091.1618395856585
533.8001352098636,0.018033885054026536,0.0024182395221344086,644.6904494877489
448.47967628373254,0.009630524062600279,0.004528418692615947,656.1462742059797
271.88784861072764,0.011856339150567306,0.0036782767575643817,440.56607707053627
1021.5086071665902,0.012360822223877629,0.0035281517255420173,1183.301900750936
961.5651030198987,0.01802266410943201,0.0024197452027298408,1072.5244727827228
342.6157974076444,0.012009749065975657,0.003631290248421829,509.13916371950336
225.67302264860575,0.003608667554404075,0.012085036378192391,391.15888227398466
923.4934889320889,0.0296126878009061,0.001472620864355984,991.0123636706452
443.3626720215819,0.006414412018087228,0.0067989301482307704,737.5220675932552
59.649232159820365,0.01897977335640125,0.0022977159727516423,165.0119149563893
456.5287811161633,0.0077529114235647895,0.005625128542512578,714.4912185565765
551.8141802821775,0.007811651893464716,0.005582829641062974,807.836766265237
865.5647005703471,0.004200627333418924,0.010382020937458474,1058.1985002861018
963.0108528102294,0.0022446889229982003,0.019428111506497606,1065.9415138090872
165.99764792862803,0.034439079820564274,0.0012662109629069677,224.04824764681712
673.5532789130201,0.005464827644059844,0.007980327950682067,924.1642256172014
907.4227384099082,0.003399151381731515,0.012829913017317682,1063.2998872508726
627.8739866475385,0.0036054897146973785,0.01209568776226803,793.2141063039793
502.3689016035197,0.04050282359578118,0.0010766037170379429,551.7211701723327
146.5412818452535,0.05725322782192031,0.0007615211007677796,181.43563296293078
217.98556737838084,0.007415416907360851,0.005881143539204259,487.6889928111112
890.2403566239042,0.017482419085549334,0.0024945245381592916,1004.6293453222595
41.310030807727635,0.0037974702773471455,0.011484204449485187,215.45462074334216
343.2749977240198,0.008600386272096576,0.005070829743641717,575.8169586763479
694.3884491522467,0.0026991492529237085,0.016157121179035408,818.162105348053
568.6404888082296,0.010001621233585601,0.004360395491561094,768.6014016005066
1562.3638396850922,0.05964291520938378,0.0007309925369888107,1595.8569697938988
144.87861706144517,0.0008255280149179518,0.05281627635187876,182.71051446203836
300.0196387497219,0.004492690805912145,0.009707109360031777,506.0477266985267
423.61852947717864,0.004539646980789972,0.009606704368114734,631.8000657398641
2464.2852318367763,0.0022957123709160896,0.018996337128313497,2569.556022032891
40.668179801358555,0.006658188109273805,0.006550001146259136,341.0457619268037
822.9759472724231,0.008054083615567243,0.005414782929492677,1071.2918140755437
15.290396471760127,0.0004075040843437661,0.10691893405279146,33.924823550139976
396.99207453758663,0.00041829361797841136,0.10416610012485908,416.1226846105463
65.9134046013729,0.01009864692859679,0.0043185011494343934,263.953005869928
1351.2880137780498,0.0109322011246974,0.003989220844247308,1534.2264999260453
383.58378741558596,0.0037977165217878465,0.011483459826728937,557.7396704134133
2.8551128971013147,0.005949450408003085,0.007330279247676407,275.69112777467075
1224.2682055255393,0.005934264957932982,0.007349036961638097,1496.407807591403
592.9479471519908,0.0009646018861161476,0.045204169107347925,637.1615136418662
559.9191367259587,0.0070250458872264596,0.006207950533559344,844.6101026144215
1019.2368732924092,0.006410815921451318,0.006802743951219973,1313.2313500352793
1360.438861182186,0.33813956996346245,0.00012774347624895847,1366.1264149542922
1332.3053891640611,0.028228228696266254,0.001544856130307422,1403.137632000199
949.9847765718253,0.010850610379045196,0.004019218151124036,1134.298970799011
2599.0740413945286,0.024780041156366724,0.001759852358255614,2679.7676368435145
61.57217591698221,0.008905018427996233,0.004897360041607132,286.158699758131
218.70966056482544,0.0015270346573497498,0.02855762582510978,288.72445418553224
1351.721026745391,0.010063243108913905,0.004333694417726377,1550.4574048020938
901.8951178285834,0.003441126512420589,0.0126734166455629,1059.6973094388968
282.8477572337044,0.0035461228792382517,0.012298181110807195,445.46523300444676
911.8993986029107,0.0011230130689276964,0.03882944353663807,963.3808149309519
51.2026953909774,0.041593741430645786,0.0010483588069915583,99.25912019556895
845.3085687001918,0.0016357064070169475,0.026660569182325556,920.3079472419884
47.82724416042583,0.001980643764062784,0.022017932470824318,138.64761520587734
128.85403463185304,0.007033022414802798,0.006200909751415942,413.2221066116834
625.7374874870596,0.02205169054985628,0.0019776114300207406,716.418780164591
753.7500504024338,0.011202270441858463,0.0038930452408104128,932.2778184209433
1347.037088777302,0.004682303661386484,0.009314018265125689,1561.7609715075273
165.96795365114258,0.002301206133319282,0.018950989082829033,271.49070810310275
206.42451358314682,0.01224793552254845,0.003560670729881886,369.70917387289944
786.3824626751108,0.0034867973015148337,0.012507421651429327,946.2791835381363
715.2384464716154,0.027878044102539568,0.001564264091705536,786.9609045549885
7.487716474158569,0.022533927465654423,0.001935286150606798,96.22774960848184
2978.1665695732545,0.00491333428633424,0.008876066674660189,3203.485683319204
120.21616537445803,0.004940442429058406,0.008827364251143945,346.7784771348697
398.3455803984414,0.00353765030742035,0.012327634221140608,560.5744922389301
1314.558281279198,0.02654989197858771,0.0016425258974187538,1389.8704538617283
542.3372594424795,0.0008605751442372412,0.05066626024594219,581.7774770033315
433.04717796351804,0.003904075256677289,0.011170621728193943,612.080794842135
511.5060877318744,0.004627504322884196,0.009424314517051845,723.7168309353259
280.6638368767488,0.002627627421245519,0.016596885175920978,401.1573112665879
166.20642829732583,0.00488670603138705,0.008924432994281438,390.3043518289094
633.700256258169,0.00015443732956583545,0.2805349138786246,640.641481722371
36.89042585619907,0.0033894357349494374,0.012866688374085753,192.32200023317378
191.25050372868174,0.002267915122229374,0.01922915625763218,295.24640766557866
182.61649372049072,0.000498654559117249,0.08740256849032595,205.4408183703924
21.12037468502718,0.0014954362106044338,0.029160961759226885,89.68577649083326
699.318919897495,0.0009215556870758085,0.0473149023138093,741.5573524593555
619.2825137408605,0.024946502116678846,0.001748108160772214,699.4374424006666
301.5416609841508,0.011273935745086026,0.003868297767530093,478.9344819194289
1067.6856216689687,0.013791033663100558,0.0031622523943848433,1212.6981894121798
7.748678249567125,0.009528591258130636,0.004576862360642226,217.63694148674975
490.36549662582587,0.006378731421604538,0.006836961167462786,782.8885618040765
275.820766710261,8.30362994270409e-05,0.5136126894506907,279.3661658725722
735.6285077876187,0.23849198692438342,0.00018199583309062977,743.8549329408867
148.7319239726188,0.0034197232199688218,0.012752734774414201,305.5525285491908
392.3997588132771,0.09712779342483267,0.00044865804055300925,412.9263945498493
1516.7474046708776,0.0005787432667007255,0.07531981542636336,1543.2506098076155
1784.9073753562402,0.04256867799435855,0.0010243415853629669,1831.8618941865948
825.0745478459434,0.007677981859426606,0.005680024527452552,1085.5545457835713
1254.4028303521807,0.033725090437489155,0.0012930229834328256,1313.6833737719564
63.164302327490695,0.00407035730489587,0.01071428773939726,249.82379079906238
901.907025525838,0.15146775512264507,0.0002873749925325946,915.0100227034812
359.4291919003719,0.025597037516424156,0.001703676254060412,437.5461682919882
647.4685585550759,0.0017921662479584515,0.024333285621867175,729.6442777036441
233.61109029934556,0.005047379598662538,0.008640343374530974,465.0776122539895
863.4750656831931,0.0032937166536971168,0.013240598630175376,1014.5168107627185
341.8129045726063,0.006529885755332966,0.006678698731320084,641.2679846250701
78.21243148505108,0.08442046801535,0.0005162912840933273,101.84706154211322
495.9296994540476,0.004615307468120154,0.009449219834326446,707.581085445737
52.68629544244629,0.0017469187229247596,0.024963485876596296,132.78666853159254
1339.658136826754,0.007533739105968982,0.0057887760792983845,1605.12554067172
857.3278624357988,0.0005170256697552782,0.08430069886261503,880.9962310523183
1088.9555597172084,0.012708499388129612,0.0034316267948819954,1246.322080116217
1038.0349497611826,0.01035787899648903,0.004210418219908582,1231.1177687818335
112.61326185543682,0.0027716525521566163,0.01573448629753423,239.71210131462556
144.53232066103956,0.0068092248542728495,0.006404714211816813,438.24696988243795
186.58238206428,0.0038952828233630864,0.011195835596031767,365.21276812682106
384.7644289671969,0.008063859132613593,0.0054082187501849665,632.7792586377711
591.3028410342843,0.005072705545851413,0.00859720601773159,823.9308274985062
1144.692487585548,0.032422617315421315,0.001344975615553788,1206.3562056630083
782.8314397373259,0.006333994348166373,0.006885250647329516,1073.3028398198821
487.9792539601649,0.0643168213432715,0.0006778385401204867,519.0324283623397
226.2021250723427,0.00012068731108321816,0.3575021563057579,231.5561063781575
777.796860702556,0.002585528599141603,0.01686711125260521,896.3595653742893
663.3540822421114,0.028231127517082788,0.0015446974808114478,734.1790480362021
65.54300808525008,0.00019274829635809477,0.22530325343580576,74.26921977827512
306.65358274554023,0.0486587997419659,0.000896093798614078,347.72367302441745
1244.8911108933496,0.04991327243483178,0.0008735632283134576,1284.9273324583587
327.7737433894697,0.013272921885593975,0.0032856953175960943,478.44761677532574
1185.4825803365013,0.012446654494458823,0.003503820979448354,1346.1600314822363
544.9707394843931,0.0008074247380823632,0.053999901532889825,581.971837122633
868.1713835685661,0.01994094121151504,0.002186957665879744,968.4542577654245
3.0214188515993547,0.007273991043527442,0.005995489077297252,277.96879147606614
1544.1782660707604,0.0027369508922929224,0.015933974906588155,1669.685601674169
631.04058014986,0.000739849634683858,0.058929316654395165,664.9402495791035
368.89627106143695,0.08199597973693297,0.0005315750674483509,393.2330223137572
52.11953454848621,0.020419603556510825,0.0021356891048387376,150.0510156012717
177.21317824557937,0.003759319591904445,0.011600747225612567,349.6081319564445
9.327162818555232,0.05986472095001091,0.0007282825156039747,42.695901658481766
48.6210796303163,0.028801205333341465,0.0015141183581378638,118.0434159523166
381.4566286757067,0.0011101025586352307,0.0392809152164619,432.34574933276247
742.6839234229233,0.002097104237606943,0.020795279691000146,838.845731565472
190.72424141891636,0.014793458802213695,0.002947967099973724,325.90926657047396
1193.4374001656918,0.011555365197640976,0.0037740840722053034,1366.5094707890091
96.179389514164,0.0020838364270164777,0.020927673939647017,191.7326755068525
1338.5626267245648,0.0054976563701314585,0.00793267445351568,1590.6791178265437
735.4693070696674,0.0038722365133826253,0.011262468382727845,913.0427633665668
121.1740925041728,0.03957309807814367,0.0011019041453249694,171.68709168805472
189.83261706577497,0.004772759484584831,0.009137495969549185,408.70487088672786
800.0326020809807,0.0033226139023649253,0.013125446360588494,952.399622003782
381.0120169562637,0.00427326123804432,0.01020555717589932,576.9768750673496
1095.1642014330573,0.0028812461774033347,0.015136017997354229,1227.2892600398136
84.06659591952416,0.010191454037706823,0.0042791747470682165,280.3026529431328
130.52466994736713,0.028969587805352737,0.0015053164983726951,199.54327286238438
349.7804646557268,0.00541239834924515,0.008057632041517505,597.9869732037707
341.2421405328985,0.07632400240487658,0.0005711215496385029,367.39531462180196
297.3619156366878,0.004379967014324263,0.009956930408968445,498.2203954870298
2162.6948080274187,0.003322565760761647,0.013125636533814938,2315.0596200987416
546.4928921437491,0.0011491786728703754,0.03794555189888167,599.1746927203352
1946.1285936590302,0.06942296385609015,0.0006279469485939237,1974.8912079917652
39.65723691466617,0.003412368774035441,0.012780219180941223,196.14055548417855
692.0940255866775,0.003072481241597873,0.01419396469708707,832.9895208519189
397.35811739289545,0.017706661673077696,0.0024629315277840064,510.29815178834474
1240.9115288931143,0.007641127248956339,0.005707420486538177,1502.6479206763067
734.9067302874037,0.0007570957960022286,0.05758769460619415,769.5979717002573
486.2945860201232,0.006082796435349676,0.007169586548114861,765.245919937825
1037.804110573317,0.017816790774436167,0.002447706878986456,1150.0458939271969
513.933093181217,0.0014321256189217364,0.030449898389368905,579.5944561633505
689.9446237771158,2.894979144742497e-05,1.2911247891160875,690.519021251653
98.86338874564566,0.0016156730609260166,0.02699110399655389,172.94388196550548
518.175951755829,0.007352702279370727,0.005931306721079965,790.1798875052932
424.6635906980881,0.003986951743784453,0.01093842287892706,607.4980134879771
101.50226128908598,0.0026649424026489706,0.016364502914591263,223.70710160389274
228.08243510871827,0.02625155481053994,0.0016611946412325544,304.25089689705715
511.32600529758525,0.0012985105444907443,0.03358259356892856,570.8582769479916
515.2530750862862,0.0007377681397648123,0.059095479702328264,549.0572050133811
547.0627829400735,0.009103530537798749,0.004790566913101709,766.7516983425771
102.89707876629014,0.004724772856331858,0.009230298967059474,319.56863056202786
1208.9037824620693,0.004065907632367667,0.010726013113914168,1395.3592044286104
109.74381089185879,0.00020361807375240696,0.2133694404826448,118.97454451436958
580.7449020256444,0.06798608027082897,0.0006412291420615371,610.1173505824814
19.975389811552205,0.00027638913286175555,0.15746388821594726,32.571564823977624
910.8225118973198,0.00039201677639409633,0.1111344284642778,928.7445845831238
922.3081169912741,0.010572528168899633,0.004124934737602862,1111.470581124163
658.6872308737154,0.004690912980125185,0.009296924260312736,873.8059434503368
204.2032892537081,0.008959729006677275,0.004867455131252819,427.4183530568505
238.67875781971003,0.006724058778704015,0.00648583556737571,536.1136738061193
1206.9432592151986,0.0012454106310409285,0.035014150644779356,1264.0396779262528
24.25904970340896,0.019432455496534808,0.0022441871072783662,127.16669547850418
651.3886746716266,0.0014287484596812818,0.03052186224223952,716.8951267192587
195.86638516002125,0.024469293523555525,0.0017822038530731848,277.5851653905959
34.06182617793659,0.007221939025086041,0.006038701593939853,310.9909475671537
49.99712308998629,0.007412129535389836,0.005883751908628807,319.8201697426417
354.8015240472263,0.02160787947729492,0.00201823344858306,447.34594634658924
110.10963274824016,0.014581372575934693,0.0029908468035442,247.26121044040323
106.02957530359748,0.026980292271878772,0.0016163205826527363,180.13976897822292
292.85730958116295,0.0014611506803033326,0.029845116174013097,359.850050786708
676.3606900729723,0.002226527957687215,0.0195865694701115,778.4584178403488
526.9774735138831,0.00606261741783157,0.00719344997996672,805.0033871300694
181.84146489041888,0.008137850700384336,0.005359045444917442,427.60117758310116
1047.2656865996316,0.015860271461383815,0.002749670155859807,1173.356359338088
356.3038855679308,0.013696923489419813,0.0031839805600371047,502.31294588758067
69.64846642475013,0.0971742375304231,0.0004484432683248361,90.16522953493686
331.17117552007346,0.004249733427191671,0.010262057412672384,526.0570266252528
1130.804676725886,0.017496097727745016,0.002492574193993303,1245.1042166192963
692.6033310279629,0.002535886060281231,0.01719728628960929,808.8892844044356
44.450707987977765,0.005273943146019503,0.00826916521063617,286.30757779118017
97.74597223823851,0.10762476142104055,0.00040482646556838176,116.25725109799818
514.0274954155688,0.20686107836247394,0.0002100725244212274,523.5575173473005
243.13018323384722,0.0013804805193176515,0.03158887263209111,306.42255650437704
549.7991187813375,0.0013395909797016855,0.03255292072287148,611.2158348217015
195.79243193381623,0.002858283982416039,0.015257609570019696,326.8643925827331
377.4292921241876,0.005259747140105912,0.008291483454329202,618.6351243906031
323.34685342288975,0.08090277853784363,0.0005387659924687418,348.0139244985342
238.88924359494763,0.006551699104884135,0.006656462553033126,539.3446949676309
628.1601633784113,0.02606805396692375,0.0016728896211966465,704.8650433458167
900.0390449907525,0.005085099743944003,0.008576251733742601,1133.2354374382485
631.451107782424,0.006882786328012863,0.0063362621802273205,922.0265118057409
296.7439114495091,0.008366327772730003,0.005212693648952282,535.7918414952517
745.2387374930407,0.02084397845168597,0.0020922043250168687,841.1758134509753
416.0703964948353,0.0023556366021326314,0.018513123360225814,524.0895278632557
2029.0172996943686,0.0007081534304672404,0.0615653009936527,2061.462077377664
97.36394513818367,0.006256609354654163,0.00697041088335496,384.286429662828
339.5532689630701,0.018687023228313417,0.0023337140076883835,446.56695257242126
145.22234293360654,0.001072272873384991,0.04066636702580061,194.37591927570148
700.3152179106003,0.0012843535545169517,0.03395269238647574,759.1980715773144
326.19323336277654,0.006785255848242009,0.00642733896851097,620.9454654827607
444.03471900715147,0.015960983785313836,0.0027323192847157353,569.3296374582328
314.1535625681676,0.005566560309982191,0.00783448281684891,569.4300278017658
743.1009500528107,0.0007728651742684996,0.056413316919699086,778.5159551839663
671.7617554695863,0.012121661544747184,0.00359776385228003,836.7475567316811
447.6262141044192,9.298565150804069e-05,0.46068824192607144,451.65598406254134
446.5863496837459,0.03199891481847612,0.0013627877369323433,509.0671351845599
775.3915940796431,0.015761949792094464,0.0027668230537585066,902.2689409557852
542.1326148098688,0.005681234792889971,0.007676346237046416,802.6681161919456
328.6502708069089,0.0019521240999112277,0.022339578309995434,418.1625819470653
1364.5274562255506,0.0024043512467798946,0.0181380487496033,1474.7808080012337
109.61668384829667,0.04111555951317373,0.0010605549167273833,158.23265560723848
434.2959120955774,0.002116611099317777,0.02060364216690581,531.3523921624225
267.877528223767,0.003123325090133048,0.01396291180589872,411.10481855120577
109.62103495141007,0.05913061895217942,0.000737329454747418,143.40502941123063
204.2999461530449,0.0003963465683161653,0.10992282422875393,222.4211886348192
479.4433662800471,0.0002806790044518916,0.15506693257113946,492.2374785258223
43.13182286618292,0.003963627603802531,0.01100278938183954,224.8965756357638
2038.1704279028131,0.013983896992531473,0.0031186378713236327,2181.182753659965
17.66659845213758,0.009183635818806123,0.004748780240424758,235.43914660536112
248.5728025209415,0.00853878806911282,0.00510741063557222,482.7923868821369
244.45879739620096,0.006777366963212585,0.006434820425184459,539.5541329387584
127.3307036641994,0.004895091696281237,0.008909144902381724,351.8131996154565
392.79504502935936,0.005113869040958117,0.008528004350277764,627.3108160171697
754.2736733895272,0.005049229458947936,0.008637177882191396,985.8250311520837
197.1572125644011,0.007756072323922683,0.005622836073524423,455.0145160905593
295.8864815444119,0.02206145431730109,0.001976736125492156,386.5276282642239
391.31892952894225,0.0021480036273174912,0.020302545777279992,489.81520772030024
286.5241211191613,0.004075681033559679,0.01070029277053119,473.42776118418817
67.60671555545558,0.05815943170444369,0.0007496490202532109,101.95616533141815
1189.0279225669792,0.02321856098382683,0.001878216514929431,1275.1504254828947
44.973496004440484,0.006866463718970554,0.006351324438717994,336.2396629194011
918.0140369734145,0.002698574228674588,0.016160563864918303,1041.761321069949
72.05221942701964,0.002326412039716648,0.018745673281494818,178.73100858746625
464.9766647800138,0.008875628602827439,0.0049135767945613544,690.3069001203795
449.56082100529756,0.006577902100049669,0.0066299466178002565,751.2179550788131
41.63886062831567,0.026186115704555583,0.0016653464411586296,117.99775478009147
693.8295669814815,0.003153320064524879,0.013830097996204296,838.4324819077382
370.22545393713216,0.0004792796732684801,0.09093104566668737,392.15948802918393
175.70441690703743,0.07481618933163757,0.0005826427575236612,202.38670296194724
504.35841753613846,0.010636916060482634,0.00409996508795127,692.375748756679
833.9621933626672,0.0046046761291460795,0.00947103607338267,1045.1260178689924
467.9423453223245,0.0028358007867459976,0.015378572516388637,597.983175079948
437.29915863359156,0.001785128213554596,0.024429212396973536,519.1520687505601
1464.3471128004494,0.023758158889036228,0.001835554402452525,1548.5128806574012
408.0516482173375,0.004358780116401537,0.010005327810137472,607.9384784924233
350.16044541450634,0.2414049420782607,0.00017977866263541178,358.2837145732854
631.9978047094199,0.020847487020884077,0.002091852188094525,727.9187300688081
427.1398519563416,0.2820172366695513,0.00015361481047315226,434.0426010820916
458.2559132287453,0.001254183680908325,0.03476927513898757,515.7547823323426
16.557853715132495,0.013883726892038857,0.00314113931525768,160.6021372602872
1385.7744163584237,0.003536339724642261,0.012332202789382058,1547.9432230436998
